# ASD-STE100 (Simplified Technical English) Issue 8, part 2 dictionary.
# Unapproved word -> approved replacement; columns:
# word<TAB>part-of-speech<TAB>approved replacement(s), space-joined.
abaft	prep	AFT OF
abandon	v	STOP GO
abate	v	DECREASE
ability	n	CAN
able	adj	CAN
abnormal	adj	UNUSUAL INCORRECT
abnormality	n	DEFECT
abrupt	adj	SUDDEN SUDDENLY
absent	adj	MISSING NO
absolutely	adv	FULLY
absorption	n	ABSORB
abundant	adj	LARGE
abut	v	TOUCH
accelerate	v	INCREASE FASTER
acceptable	adj	PERMITTED SATISFACTORY SERVICEABLE
acceptance	n	ACCEPT
accessible	adj	ACCESS
accommodate	v	LET
accumulate	v	COLLECT
accumulation	n	QUANTITY COLLECT
accuracy	n	PRECISION
achieve	v	GET
acquire	v	GET
acrid	adj	DANGEROUS
action	n	STEP PROCEDURE
activate	v	START OPERATE CONNECT
active	adj	ON OPERATE
activity	n	WORK
actuate	v	START OPERATE PUSH
actuation	n	OPERATION
addition	n	ADD
additional	adj	MORE
adequate	adj	SUFFICIENT
adhere	v	BOND OBEY
adhesion	n	BOND
adjoining	adj	ADJACENT
admit	v	LET
adopt	v	USE
advance	n	FORWARD
advance	v	SET FORWARD
advisable	adj	RECOMMEND
advise	v	TELL RECOMMEND
aggravate	v	INCREASE
agitate	v	SHAKE
agitation	n	SHAKE
ahead	adv	FORWARD
aid	v	HELP
aim	v	POINT
air-dry	v	DRY
alert	v	TELL
alignment	n	ALIGN
allocate	v	GIVE
allow	v	LET
allowable	adj	PERMITTED APPROVED
alter	v	CHANGE
alteration	n	CHANGE
alternate	adj	ALTERNATIVE EACH SECOND
alternate	v	THEN
alternately	adv	IN ONE
alternatively	adv	ALTERNATIVE
amend	v	CHANGE
amendment	n	CHANGE CHANGE
among	prep	IN
amount	n	QUANTITY
analyze	v	ANALYSIS
anchor	v	ATTACH
ancillary	adj	AUXILIARY SECONDARY
annotation	n	WRITE
annunciate	v	SHOW
another	adj	ONE MORE DIFFERENT ADD AGAIN
anytime	adv	WHEN
aperture	n	OPENING
apparent	adj	SEE FIND
appear	v	SHOW VIEW THINK POSSIBLE
application	n	APPLY
appoint	v	TELL
approach	v	GO NEAR
appropriate	adj	APPLICABLE
approve	v	APPROVAL
arise	v	OCCUR CAUSE
arrange	v	PUT
arrangement	n	CONFIGURATION PREPARE
arrest	v	STOP HOLD
arrive	v	GET
article	n	OBJECT
ascertain	v	MAKE SURE
ask	v	TELL SPEAK
assess	v	CALCULATE ESTIMATE
assessment	n	ESTIMATE CALCULATE
assign	v	GIVE
assist	v	HELP
assistance	n	AID
assume	v	THINK
assure	v	MAKE SURE
asymmetric	adj	NOT SYMMETRICAL
attachment	n	ATTACH
attain	v	SHOW BE GET
attempt	n	TRY
attempt	v	TRY
attention	n	AID CAREFUL MONITOR
audible	adj	HEAR LISTEN
augment	v	INCREASE
aurally	adv	LISTEN HEAR
authentic	adj	ACCURATE
authorized	adj	APPROVED
avert	v	PREVENT
avoid	v	PREVENT DO NOT
aware	adj	KNOW TELL
back	adj	REAR
back	n	REAR
backup	n	EMERGENCY AUXILIARY
backward	adv	REARWARD
badly	adv	INCORRECTLY UNSATISFACTORILY DECREASE
bank	v	BANK
bared	adj	BARE
base	n	BOTTOM
base	v	USE
begin	v	START
beginning	n	START SOURCE START
beneath	prep	BELOW
beside	prep	ADJACENT TO
beware	v	CAREFUL
beyond	prep	MORE THAN
big	adj	LARGE
bind	v	FREELY WIND AROUND
blank	v	CAP COVER
blend	v	MIX
block	v	CAUSE A BLOCKAGE
blot	v	DRY
blunted	adj	BLUNT
both	adj	THE TWO
bottom	v	TOUCH
bounds	n	LIMIT
brace	v	HOLD STRONG
branch	v	DIVIDE
breadth	n	WIDTH
break	n	STOP
breakdown	n	STOP
brightness	n	INTENSITY BRIGHT
brilliance	n	INTENSITY BRIGHT
bring	v	MOVE PUT
briskly	adv	QUICKLY
broadcast	v	TRANSMIT
brush	v	BRUSH
build	n	STRUCTURE
build	v	ASSEMBLE
bump	v	HIT
burst	v	BREAK
butt	v	TOUCH
calculation	n	CALCULATE
call	v	TELL
cap	v	SEAL CAP COVER
capability	n	FUNCTION CAN
capable	adj	APPROVED CAN
care	n	PRECAUTION CAREFUL CAREFULLY
carry	v	TRANSMIT TRANSPORT
case	n	CONDITION
categorize	v	CATEGORY
caution	v	TELL
cautiously	adv	CAREFULLY
cavity	n	HOLE SPACE
cease	v	STOP
center	v	CENTER
centralize	v	CENTER NEUTRAL
certain	adj	SURE SOME SPECIFIED
certify	v	WRITE APPROVAL
chafe	v	RUB
chafed	adj	WORN
channel	v	CHANNEL
characteristic	n	PROPERTY QUALITY
check	v	MAKE SURE MEASURE EXAMINE CHECK
chip	n	PARTICLE
chip	v	DAMAGED
chock	v	CHOCK
choice	n	SELECTION ALTERNATIVE
choose	v	SELECT
circle	v	AROUND
circulate	v	SUPPLY
classification	n	CLASS CATEGORY
cleanliness	n	CLEAN
close	adj	NEAR
closely	adv	CAREFULLY
coat	n	LAYER
coat	v	LAYER
coating	n	LAYER
cock	v	SET
code	v	IDENTIFY CODE
coil	v	WIND
coincide	v	ALIGN
coincident	adj	SYNCHRONIZED
collapse	v	CLOSE FALL
colored	adj	COLOR
combine	v	MIX PUT TOGETHER
combustible	adj	FLAMMABLE
commence	v	START
common	adj	SAME
communicate	v	TELL SPEAK
comparison	n	COMPARE
compile	v	MAKE A LIST RECORD COLLECT
complete	adj	FULL ALL COMPLETED
completely	adv	FULLY
completion	n	END COMPLETE
complicated	adj	NOT EASY
comprise	v	HAVE CONTAIN
compulsory	adj	MANDATORY
compute	v	CALCULATE
concentrate	v	ALL
concern	v	APPLICABLE
conclusion	n	END RESULT
concurrently	adj	AT THE SAME TIME
conduct	v	DO
confirm	v	MAKE SURE
conflict	n	DIFFERENT AGREE
conform	v	AGREE
conformance	n	AGREE
conformity	n	AGREE
consecutive	adj	ONE AFTER THE OTHER
consequence	n	BECAUSE OF
consider	v	THINK
considerable	adj	LARGE IMPORTANT DANGEROUS
consistent	adj	AGREE
construct	v	ASSEMBLE
consult	v	REFER
contact	v	TOUCH SPEAK WRITE
contaminant	n	CONTAMINATION
contiguous	adj	ADJACENT
conventional	adj	STANDARD
converse	adj	OPPOSITE
convert	v	CHANGE
convey	v	MOVE TELL
cool	v	DECREASE COOL
coordinate	v	SYNCHRONIZED
copy	v	WRITE COPY RECORD
correctness	n	CORRECT CORRECTLY
correspond	v	AGREE SAME DIFFERENT
corrode	v	CORROSION
corrosive	adj	CORROSION
couple	v	CONNECT ATTACH
cover	v	INCLUDE HAVE COVER
crack	v	OPEN CRACK
create	v	MAKE CAUSE
damage	v	DAMAGE
damp	adj	MOIST
dampen	v	DECREASE MAKE MOIST
dangerously	adv	DANGEROUS
de-ice	v	ICE
deactivate	v	STOP DISCONNECT ISOLATE
deadly	adj	KILL
deaerate	v	BLEED AIR
dearm	v	DISARM REMOVE
decay	v	DECREASE
decelerate	v	DECREASE SLOWER
decide	v	SELECT DECISION
decrease	n	DECREASE
decrement	n	INCREMENT
deep	adj	DEPTH
define	v	CALCULATE GIVE SPECIFIED
deflect	v	MOVE
deflection	n	MOVEMENT POSITION TRAVEL
deformed	adj	DAMAGED DEFORMATION
defueling	n	DEFUEL
degrease	v	GREASE
delay	n	INTERVAL IMMEDIATELY
delay	v	AFTER
delicate	adj	EASILY DAMAGED
deliver	v	SUPPLY
delivery	n	SUPPLY
demand	v	MANDATORY
denote	v	SHOW
dent	v	DENT
depend	v	IF
deplete	v	DECREASE
deposit	n	PARTICLE CONTAMINATION
depress	v	PUSH
depressurize	v	PRESSURE
describe	v	GIVE
deselect	v	CANCEL
design	v	HAVE
desired	adj	NECESSARY CORRECT
destroy	v	UNSERVICEABLE
detach	v	DISCONNECT DISENGAGE REMOVE
detail	n	INSTRUCTION
detail	v	GIVE REFER SPECIFIED
detect	v	FIND SENSE
determine	v	FIND GIVE SELECT CALCULATE
detrimental	adj	DANGEROUS DAMAGE
develop	v	START CAUSE
deviate	v	OBEY
devise	v	MAKE FIND
diagnose	v	FIND
diametrically	adv	OPPOSITE
differ	v	DIFFERENT
differentiate	v	IDENTIFY
difficult	adj	NOT EASY NOT EASILY
difficulty	n	NOT EASY NOT EASILY
dilute	v	MIX ADD
dim	v	DECREASE
diminish	v	DECREASE
dip	v	MOMENTARILY
direct	v	POINT
disappear	v	VIEW
discharge	v	RELEASE GO
discontinue	v	STOP
discover	v	FIND
discrepancy	n	DIFFERENCE
disinfect	v	DISINFECTANT
dismantle	v	DISASSEMBLE
dispatch	v	SEND
disperse	v	REMOVE
displace	v	MOVE
display	v	SHOW
disposition	n	LOCATION POSITION
disregard	v	IGNORE
distinct	adj	CLEAR
distinctly	adv	CLEARLY
distort	v	TWIST
distribute	v	APPLY SUPPLY
distribution	n	SUPPLY
disturb	v	MOVE CHANGE
don	v	USE PUT ON
double	adj	TWO
doubt	n	NOT SURE THINK
downward	adv	DOWN
draw	v	MAKE PULL
dress	v	USE PUT ON
drift	v	MOVE REMOVE (WITH A DRIFT)
drive	v	MOVE REMOVE OPERATE
droop	v	MOVE
drop	v	FALL DECREASE
dull	adj	DIM MATT
duration	n	DURING
dust	v	APPLY
early	adj	SHORT
earth	n	GROUND
earth	v	GROUND
ease	n	EASILY EASY
ease	v	CAREFULLY REMOVE CAREFULLY MOVE
effect	v	DO
effective	adj	GOOD
efficacious	adj	GOOD
efficient	adj	SATISFACTORY
efficiently	adv	SATISFACTORILY MAKE UNIT SATI
efflux	n	EXHAUST
effort	n	FORCE TRY
ejection	n	EJECT
elapse	v	TIME AFTER INTERVAL
eliminate	v	REMOVE STOP PREVENT
emit	v	FROM
employ	v	USE
empty	v	REMOVE
enable	v	LET
encircle	v	AROUND
enclosed	adj	CLOSED
encounter	v	BE FIND
end	v	STOP COMPLETE
enforce	v	OBEY
engagement	n	ENGAGE
enlarge	v	INCREASE LARGE
enough	adj	SUFFICIENT
ensue	v	CAUSE
ensure	v	MAKE SURE
entail	v	MUST
entire	adj	FULL ALL
entirely	adv	FULLY
equal	v	SAME EQUAL
equip	v	INSTALL
equipped	adj	HAVE
erect	v	ASSEMBLE BECOME STABLE
erratic	adj	IRREGULAR
escape	v	DEFLATE RELEASE
essential	adj	NECESSARY MUST
establish	v	MAKE SURE
estimate	v	ESTIMATE
evaluate	v	EXAMINE ANALYSIS
evaluation	n	EXAMINE ANALYSIS
evaporate	v	DRY
even	adj	SMOOTH SAME FLAT FLUSH LEVEL
evenly	adv	GRADUALLY EQUALLY
event	n	IF
eventually	adv	SOME TIME
every	adj	ALL EACH INTERVAL
evidence	n	INDICATION SIGN SHOW
evidence	v	SHOW FIND
evident	adj	FIND
exact	adj	ACCURATE CORRECT
exactly	adv	ACCURATELY FULLY CORRECT
examination	n	EXAMINE FIND
exceed	v	MORE THAN
exceptional	adj	UNUSUAL
excess	n	TOO MUCH MORE THAN
excessive	adj	TOO MUCH MORE THAN
excessively	adv	TOO MUCH MORE THAN
exchange	v	INTERCHANGE REPLACE
exclude	v	NOT INCLUDE NOT USE
excluding	prep	WITHOUT
execute	v	DO
exempt	adj	NO NOT SHOW
exercise	v	MAKE SURE CAREFUL
exert	v	APPLY
exhale	v	BREATHE
exhaust	v	REMOVE DECREASE RELEASE
exhaustive	adj	ALL FULL
exist	v	BE
expect	v	POSSIBLE
expel	v	REMOVE BLEED RELEASE
explain	v	TELL
expose	v	GET
extent	n	DEPTH LENGTH WIDTH
exterior	n	EXTERNAL
extra	adj	MORE
extract	v	REMOVE
extremely	adv	VERY
exude	v	OUT OF
fabricate	v	MAKE
face	v	POINT TURN
facilitate	v	HELP MAKE
factor	n	CAUSE
fail	v	IF
failed	adj	DEFECTIVE UNSERVICEABLE
failure	n	IF
fall	n	DECREASE
false	adj	INCORRECT
falter	v	SMOOTHLY CONSTANT
familiar	adj	KNOW
fashion	n	PROCEDURE
fast	adv	QUICKLY
fasten	v	ATTACH CONNECT
fatal	adj	KILL
faulty	adj	DEFECTIVE INCORRECT UNSERVICEABLE UNSATISFACTORY
fear	v	THINK MAKE SURE
feasible	adj	POSSIBLE CAN (CANNOT)
feature	v	HAVE
feed	v	PUT SUPPLY
file	v	REMOVE (WITH A FILE
filing	n	PARTICLE
film	n	LAYER
filter	v	FILTER
final	adj	LAST
finding	n	RESULT
fine	adj	SMALL
finger-tighten	v	TIGHTEN
finish	v	COMPLETE
firmly	adv	TIGHTLY
fit	v	INSTALL ATTACH CORRECT
fix	v	ATTACH SET REPAIR INSTALL
flatness	n	FLAT
flatten	v	FLAT
flex	v	BEND
flood	v	USE TOO MUCH
fluctuate	v	CONSTANT
focus	v	FOCUS
fold	n	FOLD
following	adj	THESE FOLLOW
forbidden	adj	NOT PERMITTED
force	v	PUSH FORCE
forecast	v	POSSIBLE
foreign	adj	UNWANTED
form	n	SHAPE
form	v	BE
fortify	v	STRONG
foul	v	CATCH HIT TOUCH CLEARANCE
fouled	adj	DIRTY CLOGGED CATCH
fragile	adj	EASILY DAMAGED
free	v	RELEASE
fresh	adj	CLEAN NEW
fuel	v	REFUEL
fulfill	v	OBEY
function	v	OPERATE MOVE
fundamental	adj	IMPORTANT
furnish	v	GIVE SUPPLY
further	adj	MORE
further	adv	MORE
gain	n	INCREASE
gain	v	GET
gall	v	GALLING
gap	n	CLEARANCE DISTANCE SPACE
garble	adj	CLEAR CLEARLY
garner	v	COLLECT
gaseous	adj	GAS
gash	v	DAMAGED
gather	v	COLLECT
gauge	v	MEASURE
generally	adv	USUALLY
generate	v	BE GIVE SUPPLY
gentle	adj	CAREFULLY LIGHTLY
gently	adv	CAREFULLY LIGHTLY
genuine	adj	CORRECT
get	v	BECOME
gleam	v	SHINY
glitch	n	ERROR FAILURE UNSERVICEABLE
gloss	n	SHINY
glow	v	BE
glue	v	BOND ATTACH
gouge	v	GOUGE
govern	v	CONTROL
grab	v	USE HOLD
gradient	n	SLOPE
gradual	adj	GRADUALLY
graduated	adj	GRADUATION
graph	v	GRAPH
grasp	v	HOLD
grave	adj	DANGEROUS
grease	v	LUBRICATE GREASE
great	adj	LARGE MORE THAN VERY
greatly	adv	VERY MUCH
grip	n	HOLD
grip	v	HOLD
grow	v	BECOME
guard	v	GUARD
guide	v	PUT MOVE
gush	v	FLOW
halt	v	STOP
halve	v	HALF
hamper	v	PREVENT
hand-tight	adj	TIGHTEN
hand-tighten	v	TIGHTEN
happen	v	OCCUR
harmful	adj	DANGEROUS INJURY
harmonize	v	AGREE ALIGN
haul	v	TOW MOVE
hazard	n	DANGEROUS
hazardous	adj	DANGEROUS
hazy	adj	HAZE
head	v	POINT
heat	v	HEAT HOT
heighten	v	INCREASE
help	n	AID
helpful	adj	HELP
hesitation	n	SMOOTHLY CORRECTLY IMMEDIATELY
highly	adv	VERY
hinder	v	PREVENT DECREASE BLOCKAGE CLOGGED
hinge	v	TURN
hitch	v	CONNECT
hoist	v	LIFT
hold	n	HOLD
hook	v	PUT
house	v	CONTAIN
however	adv	BUT
huge	adj	LARGE
hum	v	HUM
hurt	v	INJURY
identical	adj	SAME
idle	v	IDLE
ignite	v	IGNITION
immediate	adj	IMMEDIATELY
immerse	v	SOAK PUT FULLY INTO
impact	n	HIT
impact	v	HIT EFFECT
impair	v	DECREASE OPERATE INCORRECTLY CAUSE DAMAGE
imperative	adj	NECESSARY MANDATORY MUST
implement	v	DO
impossible	adj	NOT POSSIBLE CANNOT
impregnate	v	SOAK
impression	n	THINK
improper	adj	INCORRECT
improperly	adv	INCORRECTLY
improve	v	BETTER
inadvertent	adj	ACCIDENTAL
incline	n	SLOPE
including	prep	THRU WITH
incompatible	adj	NOT COMPATIBLE
incomplete	adj	NOT FULL NOT COMPLETED ALL
incorporate	v	INCLUDE HAVE
incorporation	n	INCLUDE
increase	n	INCREASE
incur	v	CAUSE
independent	adj	INDEPENDENTLY THIS UNI INDEPEND
indicate	v	SHOW IDENTIFY
induce	v	CAUSE
ineffective	adj	UNSERVICEABLE UNSATISFACTORY NOT OPERATE
inflammable	adj	FLAMMABLE
inform	v	TELL
ingest	v	SWALLOW
ingress	n	GO INTO
inhale	v	BREATHE
inhibit	v	PREVENT
initiate	v	START
inject	v	PUT
injection	n	PUT
injure	v	INJURY
inoperative	adj	OFF NOT OPERATE
insert	v	PUT ENGAGE
inside	adj	INNER
inside	n	INNER
inside	prep	IN INTO
inspect	v	EXAMINE INSPECTION
instead	adv	ALTERNATIVE
insufficient	adj	NOT SUFFICIENT
insure	v	MAKE SURE
intact	adj	NOT DAMAGED
integral	adj	PART
interconnect	v	CONNECT
interfere	v	HIT CATCH TOUCH INTERFERENCE
interior	n	INTERNALLY INTERNAL
interrupt	v	STOP
intersect	v	INTERSECTION
investigate	v	INVESTIGATION
inward	adj	INNER
inward	adv	IN
irregularity	n	DAMAGE DEFECT IRREGULAR UNUSUAL
isolation	n	ISOLATE
jack	v	JACK
jam	v	FREELY
job	n	WORK TASK
join	v	BOND ATTACH CONNECT
just	adv	IMMEDIATELY
key	v	REFER KEY
kind	n	TYPE
kink	v	KINK
knock	v	HIT
label	v	IDENTIFY LABEL
lack	n	NOT SUFFICIENT
land	v	LANDING
last	v	CONTINUE
later	adj	SUBSEQUENT THEN
lay	v	PUT
lead	v	PUT
leak	v	LEAK
least	adv	MINIMUM
leave	v	KEEP LET
left-hand	adj	LEFT
legible	adj	READ
lengthen	v	INCREASE
less	prep	WITHOUT
lethal	adj	KILL
level	v	LEVEL
liberal	adj	LARGE THICK
liberally	adv	LARGE THICK
lie	v	BE
light	v	COME ON
limitation	n	LIMIT
limited	adj	SMALL
link	v	CONNECT ATTACH
list	v	RECORD SHOW LIST
little	adj	SMALL SHORT NOT SUFFICIENT
load	v	INSTALL LOAD
locate	v	FIND ENGAGE PUT
log	v	RECORD
loop	v	LOOP
lose	v	DECREASE
lost	adj	DECREASE NOT FIND
lowermost	adj	BOTTOM
lukewarm	adj	WARM
magnetized	adj	MAGNETIC
main	adj	PRIMARY
maintain	v	KEEP HOLD MAINTENANCE
major	adj	PRIMARY
maladjusted	adj	INCORRECTLY ADJUSTED
manipulate	v	MOVE ADJUST
manufacture	v	MAKE
mark	v	IDENTIFY MARK
mask	v	APPLY
match	v	ALIGN AGREE
mate	v	CONNECT ENGAGE TOGETHER
matter	n	MATERIAL
may	v	CAN POSSIBLY
medium	adj	MODERATE
meet	v	ENGAGE TOUCH
mention	v	GIVE
mesh	v	ENGAGE
metallic	adj	METAL
mid	adj	MIDDLE
mild	adj	WEAK
minimize	v	MINIMUM
minor	adj	SMALL
misrigged	adj	INCORRECTLY ADJUSTED
mix	n	MIXTURE
modify	v	CHANGE
moisten	v	MOIST
momentary	adj	MOMENTARILY
motion	n	MOVEMENT
motor	v	DRY-MOTOR WET-MOTOR MOTORING
mount	v	INSTALL ATTACH PUT
nearly	adv	ALMOST
need	v	NECESSARY
neither	adj	TWO
neutralize	v	NEUTRAL
never	adv	DO NOT
next	adv	THEN
noisy	adj	NOISE
nor	conj	NOT
normal	adj	USUAL CORRECT
normally	adv	USUALLY CORRECTLY
note	v	RECORD
notify	v	TELL WRITE
now	adv	AT THIS TIME
observe	v	MONITOR SEE OBEY
obstruct	v	CATCH PREVENT BLOCKAGE
obstructed	adj	BLOCKED CLOGGED
obstruction	n	BLOCKAGE
obtain	v	GET
often	adv	FREQUENTLY
oil	v	LUBRICATE OIL
oil-free	adj	OIL
old	adj	REMAINING USED EXPIRED
omit	v	DO NOT DO IGNORE
once	adv	ONE TIME
once	conj	WHEN
opaque	adj	NOT TRANSPARENT
operable	adj	OPERATE
operational	adj	SERVICEABLE OPERATE
option	n	POSSIBLE
order	n	SEQUENCE
order	v	TELL ORDER
orient	v	POINT
origin	n	SOURCE
original	adj	INITIAL
originate	v	SOURCE
otherwise	adv	IF
outline	v	GIVE
outside	adj	EXTERNAL OUTER
outside	adv	OUTDOORS
outside	n	EXTERNAL OUTER
outside	prep	NEAR
outwards	adv	OUT
over	prep	ABOVE ALONG ON MORE THAN
overfill	v	TOO MUCH
overfull	adj	TOO FULL
overhaul	v	OVERHAUL
overheat	v	TOO HOT
overlap	v	OVERLAP
pack	v	PUT FILL
part	v	DISCONNECT
partial	adj	NOT FULLY
partially	adv	NOT FULLY
particular	adj	ONLY APPLICABLE VERY
particularly	adv	VERY
partly	adv	NOT FULLY
pass	v	GO THROUGH GIVE
passage	n	FLOW HOLE OPENING
past	prep	AROUND THROUGH
penetrate	v	GO THROUGH GO INTO
people	n	PERSONS PERSONNEL
per	prep	FOR EACH REFER
perforated	adj	HOLE
permissible	adj	PERMITTED
permit	v	LET
persist	v	CONTINUE
persistent	adj	CONTINUOUS
picket	v	MOOR
pierced	adj	HOLE
placard	v	PUT (A PLACARD)
place	n	POSITION AREA
place	v	PUT
plot	v	MAKE (A PLOT)
poor	adj	UNSATISFACTORY DEFECTIVE UNSERVICEABLE
pop	v	OPEN OUT
port	adj	LEFT
portion	n	PIECE PART
position	v	PUT SET
potential	adj	POSSIBLE
pour	v	PUT
power	v	SUPPLY
practice	n	PROCEDURE
precede	v	BEFORE
precise	adj	ACCURATE
precisely	adv	ACCURATELY
preferable	adj	RECOMMEND
preferably	adv	RECOMMEND
preheat	v	HEAT
preload	v	LOAD
premature	adj	BEFORE
prematurely	adv	BEFORE
preparation	n	PREPARE
prescribed	adj	SPECIFIED
presence	n	BE
present	adj	BE
present	v	GIVE SHOW
preserve	v	PRESERVATION
preset	v	SET
press	v	PUSH
preventive	adj	PREVENT
previous	adj	BEFORE
previously	adv	BEFORE
primarily	adv	PRIMARY
prime	v	FILL PUT
principal	adj	PRIMARY
priority	n	IMPORTANT BEFORE FIRST
probability	n	RISK
probable	adj	POSSIBLE RISK
probe	v	FIND (WITH A PROBE)
proceed	v	CONTINUE
process	v	PUT
produce	v	CAUSE GIVE MAKE SUPPLY
product	n	MATERIAL
profile	n	CONTOUR
program	n	SEQUENCE
progress	v	CONTINUE
progressive	adj	GRADUALLY
prohibit	v	PREVENT TELL (NOT TO)
prolonged	adj	LONG
prompt	adj	IMMEDIATELY
proper	adj	CORRECT
properly	adv	CORRECTLY
proportional	adj	RELATION PROPORTION
protect	v	PREVENT PROTECTION
protrude	v	ABOVE OUT
provide	v	GIVE SUPPLY
proximity	n	NEAR
pump	v	PUMP
puncture	v	HOLE
purge	v	REMOVE
purify	v	CLEAN
purpose	n	FUNCTION DO
qualified	adj	APPROVED
quarterly	adv	INTERVAL
questionable	adj	NOT SURE
quick	adj	QUICKLY
quit	v	GO STOP
quote	v	GIVE
raise	v	LIFT INCREASE RETRACT
rapid	adj	FAST
rapidly	adv	QUICKLY
reach	v	GET TOUCH BE
reactivate	v	OPERATE START
reading	n	INDICATION
readjust	v	ADJUST
ready	adj	PREPARE
ready	v	PREPARE
real	adj	AGREE
rearmost	adj	REAR
reason	n	CAUSE BECAUSE OF
reassemble	v	ASSEMBLE
rebuild	v	ASSEMBLE
recess	v	RECESS
recharge	v	CHARGE FILL PRESSURIZE
recheck	v	MEASURE EXAMINE CHECK
reclaim	v	REPAIR
recleat	v	ATTACH (TO A CLEAT)
reclose	v	CLOSE
recoil	v	MOVE BACK WIND RECOIL
recondition	v	REPAIR OVERHAUL
reconstruction	n	REPAIR REPAIR
recover	v	COLLECT
rectify	v	CORRECT
recur	v	OCCUR
reduce	v	DECREASE
reference	n	REFER
referenced	adj	GIVEN
refill	v	FILL
refit	v	INSTALL REPAIR
reflect	v	REFLECTION
register	v	SHOW
regrease	v	APPLY MORE
regulate	v	CONTROL ADJUST
regulation	n	ADJUSTMENT CONTROL CONTROL
reinflate	v	INFLATE
reinforce	v	MAKE
reinstall	v	INSTALL
reinstallation	n	INSTALLATION
rejection	n	REJECT
relate	v	RELATED
relay	v	SEND
relieve	v	RELEASE
remain	v	STAY
remnant	n	REMAINING
removable	adj	REMOVE
render	v	MAKE
renew	v	NEW
renovate	v	REPAIR NEW
repack	v	PUT FILL
repaint	v	PAINT
repairable	adj	REPAIR
repeat	v	AGAIN
repeated	adj	AGAIN AND AGAIN
repeatedly	adv	AGAIN AND AGAIN
replenish	v	FILL ADD REFUEL
reposition	v	MOVE PUT SET
represent	v	SHOW
repressurize	v	PRESSURIZE
request	n	TELL WRITE
request	v	TELL WRITE
require	v	NECESSARY
reseal	v	SEAL
reset	v	SET
residual	adj	REMAINING
residue	n	REMAINING
respective	adj	RELATED CORRECT
respectively	adv	RELATED
respond	v	RESULT
rest	n	REMAINING
rest	v	BE PUT
restart	v	START
restore	v	REPAIR PUT
restrain	v	HOLD STOP PREVENT LIMIT
restrict	v	DECREASE PREVENT ONLY LIMIT
result	v	CAUSE RESULT
resume	v	START CONTINUE
retain	v	KEEP
retorque	v	TORQUE
retouch	v	APPLY PAINT
retractable	adj	RETRACT
return	n	GO
return	v	GO
reusable	adj	USE
reuse	v	USE
reveal	v	SHOW
reverse	v	OPPOSITE
review	n	INSPECTION
rewind	v	WIND
rig	v	ADJUST
right-hand	adj	RIGHT
rinse	v	FLUSH REMOVE CLEAN
ripped	adj	DAMAGED
rise	n	INCREASE
rise	v	INCREASE
rotary	adj	TURN
rotate	v	TURN
rotation	n	TURN
rotational	adj	TURN
roughen	v	ROUGH
roughness	n	ROUGH
round	adj	CIRCULAR
route	n	ROUTING
route	v	PUT ROUTING
routine	adj	USUAL
run	v	OPERATE
running	adj	FLUSH
sample	v	SAMPLE
saturate	v	SOAK
save	v	KEEP
scan	v	EXAMINE SCAN
scored	adj	SCORE
scrap	v	DISCARD
scrape	v	REMOVE (WITH A SCRAPER)
scratched	adj	SCRATCH
scrub	v	CLEAN (WITH A BRUSH)
search	v	EXAMINE
seat	v	INSTALL AGAINST
secure	adj	TIGHT SAFE CORRECTLY
secure	v	ATTACH SAFETY
securely	adv	CORRECTLY SAFELY TIGHT
security	n	CORRECTLY
seek	v	GET
seepage	n	LEAKAGE
seized	adj	CATCH MOVE TURN
separable	adj	DISASSEMBLE DISCONNECT
separate	adj	NOT CONNECTED ISOLATED NOT ATTACHED
separate	v	DISCONNECT DIVIDE
serious	adj	IMPORTANT DANGEROUS
serrated	adj	SERRATION
service	v	SERVICING
serviceability	n	SERVICEABLE
setting	n	ADJUSTMENT POSITION SET
settle	v	COLLECT STABLE
sever	v	CUT
severe	adj	DANGEROUS
shall	v	MUST
shape	v	SHAPE
sharply	adv	QUICKLY SUDDENLY
shear	v	BREAK CUT
shield	v	PREVENT PROTECTION
shift	v	MOVE
shorten	v	DECREASE
should	v	MUST IF
sideways	adv	SIDE
sight	n	VIEW
sight	v	LOOK
significant	adj	IMPORTANT
silence	v	STOP
similar	adj	EQUIVALENT ALMOST THE SAME
single	adj	ONE
situated	adj	INSTALL BE
size	n	DIMENSION
skid	v	SKID
slack	adj	TENSION
slack	n	TENSION
slacken	v	TENSION
slackness	n	TENSION
slave	v	CONTROL
slide	v	MOVE
slight	adj	SMALL LIGHT
slightly	adv	SMALL
sluggish	adj	SLOW
smear	v	APPLY
smooth	v	SMOOTH
snag	v	CATCH
snap	n	CLICK
snap	v	MOVE QUICKLY BREAK
soapy	adj	SOAP
soften	v	MAKE
soiled	adj	DIRTY
solidify	v	SOLID
solve	v	SOLUTION
sound	v	OPERATE
space	v	DISTANCE
spacing	n	DISTANCE
spanwise	adj	SPAN
sparingly	adv	QUANTITY
spark	v	SPARK
specific	adj	SPECIAL SPECIFIED
specifically	adv	SPECIALLY
speck	n	PARTICLE
speech	n	VOICE
spillage	n	CONTAMINATION SPILL
spin	v	TURN
splash	v	GET
splined	adj	SPLINE
split	adj	DAMAGED
split	v	DIVIDE BREAK
spot	n	MARK STAIN
spot	v	FIND
spread	v	APPLY
spring	v	MOVE
spurious	adj	UNWANTED
stability	n	STABLE
stabilization	n	STABLE
stabilize	v	STABLE
stage	n	STEP
stained	adj	DIRTY STAIN
stamp	v	STAMP
stand	v	STAY
starboard	adj	RIGHT
state	n	CONDITION
state	v	TELL
station	v	PUT
stationary	adj	STABLE STOP
steadily	adv	CONTINUOUSLY
steady	adj	STABLE
stick	v	ATTACH FREELY CATCH
sticky	adj	TACKY
stiff	adj	MOVE
still	adv	STAY CONTINUE
stimulate	v	INCREASE
stir	v	MIX
store	v	KEEP CONTAIN STORAGE
straighten	v	STRAIGHT
strain	v	FILTER STRAIN
strap	v	ATTACH (WITH STRAPS)
stress	v	FORCE
strictly	adv	FULLY
strike	v	HIT
strip	v	REMOVE
striped	adj	STRIPE
stroke	n	TRAVEL
subject	v	APPLY
submerge	v	PUT
submit	v	SEND
substance	n	MATERIAL
substitute	adj	EQUIVALENT ALTERNATIVE
substitute	n	ALTERNATIVE
substitute	v	REPLACE
successful	adj	CORRECT SATISFACTORY
suck	v	SUCTION
suitable	adj	APPLICABLE CORRECT
suitably	adv	SUFFICIENTLY
support	n	SUPPORT HOLD
support	v	HOLD SUPPORT
surplus	adj	UNWANTED
surrounding	adj	ADJACENT AROUND
survey	v	EXAMINE INSPECTION
suspect	adj	THINK
suspect	v	THINK
suspend	v	HANG STOP
swap	v	INTERCHANGE
sweep	v	SCAN
swing	v	MOVE CALIBRATE
switch	v	SET
synchronize	v	ADJUST
take	v	REMOVE READ GET NECESSARY
talk	v	SPEAK
tape	v	TAPE
taped	adj	RECORD
taut	adj	TENSION
tear	v	DAMAGE
technique	n	METHOD
tension	v	TENSION
terminate	v	STOP
test	v	TEST
therefore	adv	THUS AS A RESULT
thin	v	LIQUID
thorough	adj	FULL
thoroughly	adv	FULLY
thread	v	PUT TURN
threaded	adj	THREAD
throughout	prep	DURING
tie	v	ATTACH
till	conj	UNTIL
time	v	TIME
tip	n	POINT
tip	v	TILT
toward	prep	TO DIRECTION
toxic	adj	POISONOUS
trace	n	SIGN
trace	v	FIND
track	v	MONITOR
trained	adj	APPROVED
transfer	n	MOVEMENT SUPPLY
transfer	v	MOVE INSTALL
transition	n	CHANGE
transport	v	SEND
trapped	adj	CAUGHT
travel	v	GO MOVE
treat	v	APPLY TOUCH
trigger	v	CAUSE START
trim	v	CUT
trip	v	OPEN RELEASE CAUSE TO FALL
triple	adj	THREE
troubleshoot	v	TROUBLESHOOTING
true	adj	CORRECT AGREE
tuck	v	PUT
twice	adv	TWO
unable	adj	CANNOT
unauthorized	adj	NOT APPROVED
uncap	v	REMOVE (A CAP OR CAPS)
unclip	v	REMOVE (FROM A CLIP OR CLIPS)
uncoil	v	UNWIND
uncouple	v	DISCONNECT
uncovered	adj	COVER
uncovered	v	COVER
undamaged	adj	NOT DAMAGED
under	prep	BELOW IN LESS THAN
underneath	prep	BELOW
underside	n	BOTTOM
undo	v	LOOSEN
undue	adj	UNWANTED
uneven	adj	EQUAL ROUGH
uniform	adj	CONSTANT EQUAL
uniformly	adv	EQUALLY
unintentional	adj	ACCIDENTAL
unlatch	v	RELEASE OPEN
unload	v	RELEASE LOAD
unnecessary	adj	NOT NECESSARY
unobstructed	adj	CLOGGED CLEAR
unpack	v	REMOVE
unpainted	adj	BARE
unplug	v	DISCONNECT PLUG
unprotected	adj	PROTECTION
unreel	v	UNWIND
unrestricted	adj	FREE
unsafe	adj	DANGEROUS
unscrew	v	REMOVE LOOSEN TURN
unstable	adj	NOT STABLE
unused	adj	NEW
upon	prep	ON WHEN
upper	adj	MAXIMUM TOP
uppermost	adj	UP
uppermost	adv	UP
upward	adv	UP
urgently	adv	IMMEDIATELY
usage	n	USE
use	n	OPERATION USE
using	v	USE WITH
utilization	n	USE
utilize	v	USE
validity	n	CORRECT APPLICABLE
variable	adj	CHANGE
various	adj	DIFFERENT
vary	v	CHANGE
vent	v	RELEASE FLOW OPEN
ventilate	v	AIRFLOW
ventilation	n	AIRFLOW
verbal	adj	TELL HEAR
verify	v	MAKE SURE
via	prep	THROUGH
vibrate	v	VIBRATION
vicinity	n	NEAR ADJACENT
view	v	SEE LOOK
vigorous	adj	FORCE
vigorously	adv	FORCE
visible	adj	SEE VIEW
vital	adj	IMPORTANT MANDATORY NECESSARY
warm	v	WARM
warn	v	TELL WARNING
wash	v	CLEAN
watch	v	MONITOR LOOK
watertight	adj	SEAL
way	n	PROCEDURE
weakness	n	WEAK
weep	n	LEAKAGE
well	adv	CORRECTLY GOOD FULLY
whenever	conj	WHEN
whether	conj	IF
whilst	conj	WHILE
whole	adj	FULL ALL
wholly	adv	FULLY
windy	adj	WIND
wipe	v	CLEAN
wire	v	ATTACH (WITH WIRE)
withdraw	v	REMOVE
within	prep	IN IN
withstand	v	RESISTANT
work	v	WORK
would	v	CAN
wrap	v	PUT WIND
wrong	adj	INCORRECT
wrongly	adv	INCORRECTLY
yet	conj	BUT AT THIS TIME
zero	v	ZERO
